{
  "cli": {
    "version": ">= 10.0.0",
    "appVersionSource": "remote"
  },
  "build": {
    "development": {
      "developmentClient": true,
      "distribution": "internal",
      "ios": {
        "resourceClass": "m-medium"
      }
    },
    "preview": {
      "distribution": "internal",
      "android": {
        "buildType": "apk",
        "autoIncrement": true
      }
    },
    "production": {
      "distribution": "store",
      "ios": {
        "resourceClass": "m-medium"
      },
      "android": {
        "autoIncrement": true
      }
    }
  },
  "submit": {
    "production": {
      "android": {
        "track": "internal"
      }
    }
  }
}
